"co_procedimento";"co_servico"
"0102010056";"141"
"0102010064";"141"
"0102010072";"141"
"0102010145";"141"
"0102010153";"141"
"0102010161";"141"
"0102010170";"141"
"0102010188";"141"
"0102010196";"141"
"0102010200";"141"
"0102010218";"141"
"0102010226";"108"
"0102010226";"141"
"0102010234";"108"
"0102010234";"141"
"0102010242";"141"
"0102010250";"141"
"0102010269";"141"
"0102010277";"141"
"0102010285";"141"
"0102010293";"141"
"0102010307";"141"
"0102010315";"141"
"0102010323";"141"
"0102010331";"141"
"0102010340";"141"
"0102010358";"141"
"0102010366";"141"
"0102010374";"141"
"0102010382";"141"
"0102010390";"141"
"0102010404";"141"
"0102010412";"141"
"0102010420";"141"
"0102010439";"141"
"0102010447";"141"
"0102010455";"141"
"0102010463";"141"
"0102010471";"141"
"0102010480";"141"
"0102010498";"141"
"0102010501";"141"
"0102010510";"141"
"0102010528";"141"
"0102010536";"141"
"0102010544";"141"
"0102010552";"141"
"0102010560";"141"
"0102010579";"141"
"0102010587";"141"
"0102010595";"141"
"0102010609";"141"
"0102010617";"141"
"0102010625";"141"
"0102010633";"141"
"0102010641";"141"
"0102010650";"141"
"0102010668";"141"
"0102020019";"108"
"0102020027";"108"
"0102020027";"108"
"0102020035";"108"
"0201010151";"110"
"0201010151";"120"
"0201010186";"131"
"0201010186";"132"
"0201010186";"132"
"0201010240";"131"
"0201010240";"132"
"0201010240";"132"
"0201010534";"105"
"0201010542";"121"
"0201010542";"121"
"0201010542";"121"
"0201010542";"121"
"0202010015";"145"
"0202010023";"145"
"0202010031";"145"
"0202010040";"145"
"0202010058";"145"
"0202010066";"145"
"0202010074";"145"
"0202010082";"145"
"0202010090";"145"
"0202010104";"145"
"0202010112";"145"
"0202010120";"145"
"0202010139";"145"
"0202010147";"145"
"0202010155";"145"
"0202010163";"145"
"0202010171";"145"
"0202010180";"145"
"0202010198";"145"
"0202010201";"145"
"0202010210";"145"
"0202010228";"145"
"0202010236";"145"
"0202010244";"145"
"0202010252";"145"
"0202010260";"145"
"0202010279";"145"
"0202010287";"145"
"0202010295";"145"
"0202010309";"145"
"0202010317";"145"
"0202010325";"145"
"0202010333";"145"
"0202010341";"145"
"0202010350";"145"
"0202010368";"145"
"0202010376";"145"
"0202010384";"145"
"0202010392";"145"
"0202010406";"145"
"0202010414";"145"
"0202010422";"145"
"0202010430";"145"
"0202010449";"145"
"0202010457";"145"
"0202010465";"145"
"0202010473";"145"
"0202010481";"145"
"0202010490";"145"
"0202010503";"145"
"0202010511";"145"
"0202010520";"145"
"0202010538";"145"
"0202010546";"145"
"0202010554";"145"
"0202010562";"145"
"0202010570";"145"
"0202010589";"145"
"0202010597";"145"
"0202010600";"145"
"0202010619";"145"
"0202010627";"145"
"0202010635";"145"
"0202010643";"145"
"0202010651";"145"
"0202010660";"145"
"0202010678";"145"
"0202010686";"145"
"0202010694";"145"
"0202010708";"145"
"0202010716";"145"
"0202010724";"145"
"0202010732";"145"
"0202010740";"145"
"0202010759";"145"
"0202010767";"145"
"0202020010";"145"
"0202020029";"145"
"0202020037";"145"
"0202020045";"145"
"0202020053";"145"
"0202020061";"145"
"0202020070";"145"
"0202020088";"145"
"0202020096";"145"
"0202020100";"145"
"0202020118";"145"
"0202020126";"145"
"0202020134";"145"
"0202020142";"145"
"0202020150";"145"
"0202020169";"145"
"0202020177";"145"
"0202020185";"145"
"0202020193";"145"
"0202020207";"145"
"0202020215";"145"
"0202020223";"145"
"0202020231";"145"
"0202020240";"145"
"0202020258";"145"
"0202020266";"145"
"0202020274";"145"
"0202020282";"145"
"0202020290";"145"
"0202020304";"145"
"0202020312";"145"
"0202020320";"145"
"0202020339";"145"
"0202020347";"145"
"0202020355";"145"
"0202020363";"145"
"0202020371";"145"
"0202020380";"145"
"0202020398";"145"
"0202020401";"145"
"0202020410";"145"
"0202020428";"145"
"0202020436";"145"
"0202020444";"145"
"0202020460";"145"
"0202020479";"128"
"0202020487";"145"
"0202020495";"145"
"0202020517";"145"
"0202020525";"145"
"0202020533";"145"
"0202020541";"145"
"0202030016";"145"
"0202030024";"145"
"0202030032";"145"
"0202030040";"145"
"0202030059";"145"
"0202030067";"145"
"0202030075";"145"
"0202030083";"145"
"0202030091";"145"
"0202030105";"145"
"0202030113";"145"
"0202030121";"145"
"0202030130";"145"
"0202030148";"145"
"0202030156";"145"
"0202030164";"145"
"0202030172";"145"
"0202030180";"145"
"0202030199";"145"
"0202030202";"145"
"0202030210";"145"
"0202030229";"145"
"0202030237";"132"
"0202030237";"145"
"0202030253";"145"
"0202030261";"145"
"0202030270";"145"
"0202030288";"145"
"0202030296";"145"
"0202030300";"145"
"0202030318";"145"
"0202030326";"145"
"0202030334";"145"
"0202030342";"145"
"0202030350";"145"
"0202030369";"145"
"0202030377";"145"
"0202030385";"145"
"0202030393";"145"
"0202030407";"145"
"0202030415";"145"
"0202030423";"145"
"0202030431";"145"
"0202030440";"145"
"0202030458";"145"
"0202030466";"145"
"0202030474";"145"
"0202030482";"145"
"0202030504";"145"
"0202030512";"145"
"0202030520";"145"
"0202030539";"145"
"0202030547";"145"
"0202030555";"145"
"0202030563";"145"
"0202030571";"145"
"0202030580";"145"
"0202030598";"145"
"0202030601";"145"
"0202030610";"145"
"0202030628";"145"
"0202030636";"145"
"0202030644";"145"
"0202030652";"145"
"0202030660";"145"
"0202030679";"145"
"0202030687";"145"
"0202030695";"145"
"0202030709";"145"
"0202030717";"145"
"0202030725";"145"
"0202030733";"145"
"0202030741";"145"
"0202030750";"145"
"0202030768";"145"
"0202030776";"145"
"0202030784";"145"
"0202030792";"145"
"0202030806";"145"
"0202030814";"145"
"0202030822";"145"
"0202030830";"145"
"0202030849";"145"
"0202030857";"145"
"0202030865";"145"
"0202030873";"145"
"0202030881";"145"
"0202030890";"145"
"0202030903";"145"
"0202030911";"145"
"0202030920";"145"
"0202030938";"145"
"0202030946";"145"
"0202030954";"145"
"0202030962";"145"
"0202030970";"145"
"0202030989";"145"
"0202030997";"145"
"0202031004";"145"
"0202031012";"145"
"0202031020";"145"
"0202031039";"145"
"0202031047";"145"
"0202031055";"145"
"0202031063";"145"
"0202031071";"145"
"0202031080";"145"
"0202031098";"145"
"0202031101";"145"
"0202031110";"145"
"0202031128";"145"
"0202031136";"145"
"0202031179";"145"
"0202031187";"145"
"0202031195";"145"
"0202031209";"145"
"0202031217";"145"
"0202031225";"145"
"0202031233";"145"
"0202031233";"145"
"0202031250";"145"
"0202031250";"145"
"0202031268";"145"
"0202031268";"145"
"0202040011";"145"
"0202040020";"145"
"0202040038";"145"
"0202040046";"145"
"0202040054";"145"
"0202040062";"145"
"0202040070";"145"
"0202040089";"145"
"0202040097";"145"
"0202040100";"145"
"0202040119";"145"
"0202040127";"145"
"0202040135";"145"
"0202040143";"145"
"0202040151";"145"
"0202040160";"145"
"0202040178";"145"
"0202050017";"145"
"0202050025";"145"
"0202050033";"145"
"0202050041";"145"
"0202050050";"145"
"0202050068";"145"
"0202050076";"145"
"0202050076";"145"
"0202050084";"145"
"0202050092";"145"
"0202050106";"145"
"0202050114";"145"
"0202050122";"145"
"0202050130";"145"
"0202050149";"145"
"0202050157";"145"
"0202050165";"145"
"0202050173";"145"
"0202050181";"145"
"0202050190";"145"
"0202050203";"145"
"0202050211";"145"
"0202050220";"145"
"0202050238";"145"
"0202050246";"145"
"0202050254";"145"
"0202050262";"145"
"0202050270";"145"
"0202050289";"145"
"0202050297";"145"
"0202050300";"145"
"0202050319";"145"
"0202050327";"145"
"0202060012";"145"
"0202060012";"151"
"0202060020";"145"
"0202060020";"151"
"0202060039";"145"
"0202060039";"151"
"0202060047";"145"
"0202060047";"151"
"0202060055";"145"
"0202060055";"151"
"0202060063";"145"
"0202060063";"151"
"0202060071";"145"
"0202060071";"151"
"0202060080";"145"
"0202060080";"151"
"0202060098";"145"
"0202060098";"151"
"0202060101";"145"
"0202060101";"151"
"0202060110";"145"
"0202060110";"151"
"0202060128";"145"
"0202060128";"151"
"0202060136";"145"
"0202060136";"151"
"0202060144";"145"
"0202060144";"151"
"0202060152";"145"
"0202060152";"151"
"0202060160";"145"
"0202060160";"151"
"0202060179";"145"
"0202060179";"151"
"0202060187";"145"
"0202060187";"151"
"0202060195";"145"
"0202060195";"151"
"0202060209";"145"
"0202060209";"151"
"0202060217";"145"
"0202060217";"151"
"0202060225";"145"
"0202060225";"151"
"0202060233";"145"
"0202060233";"151"
"0202060241";"145"
"0202060241";"151"
"0202060250";"145"
"0202060250";"151"
"0202060268";"145"
"0202060268";"151"
"0202060276";"145"
"0202060276";"151"
"0202060284";"145"
"0202060284";"151"
"0202060292";"145"
"0202060292";"151"
"0202060306";"145"
"0202060306";"151"
"0202060314";"145"
"0202060314";"151"
"0202060322";"145"
"0202060322";"151"
"0202060330";"145"
"0202060330";"151"
"0202060349";"145"
"0202060349";"151"
"0202060357";"145"
"0202060357";"151"
"0202060365";"145"
"0202060365";"151"
"0202060373";"145"
"0202060373";"151"
"0202060381";"145"
"0202060381";"151"
"0202060390";"145"
"0202060390";"151"
"0202060403";"145"
"0202060403";"151"
"0202060411";"145"
"0202060411";"151"
"0202060420";"145"
"0202060420";"151"
"0202060438";"145"
"0202060438";"151"
"0202060446";"145"
"0202060446";"151"
"0202060454";"145"
"0202060454";"151"
"0202060462";"145"
"0202060462";"151"
"0202060470";"145"
"0202070018";"145"
"0202070026";"145"
"0202070034";"145"
"0202070042";"145"
"0202070050";"145"
"0202070069";"145"
"0202070077";"145"
"0202070085";"145"
"0202070093";"145"
"0202070107";"145"
"0202070115";"145"
"0202070123";"145"
"0202070131";"145"
"0202070140";"145"
"0202070158";"145"
"0202070166";"145"
"0202070174";"145"
"0202070182";"145"
"0202070190";"145"
"0202070204";"145"
"0202070212";"145"
"0202070220";"145"
"0202070239";"145"
"0202070247";"145"
"0202070255";"145"
"0202070263";"145"
"0202070271";"145"
"0202070280";"145"
"0202070298";"145"
"0202070301";"145"
"0202070310";"145"
"0202070328";"145"
"0202070336";"145"
"0202070344";"145"
"0202070352";"145"
"0202080013";"145"
"0202080021";"145"
"0202080030";"145"
"0202080048";"145"
"0202080056";"145"
"0202080064";"145"
"0202080072";"145"
"0202080080";"145"
"0202080099";"145"
"0202080102";"145"
"0202080110";"145"
"0202080129";"145"
"0202080137";"145"
"0202080145";"145"
"0202080153";"145"
"0202080161";"145"
"0202080170";"145"
"0202080188";"145"
"0202080196";"145"
"0202080200";"145"
"0202080218";"145"
"0202080226";"145"
"0202080234";"145"
"0202090019";"145"
"0202090027";"145"
"0202090035";"145"
"0202090043";"145"
"0202090051";"145"
"0202090060";"145"
"0202090078";"145"
"0202090086";"145"
"0202090094";"145"
"0202090108";"145"
"0202090116";"145"
"0202090124";"145"
"0202090132";"145"
"0202090140";"145"
"0202090159";"145"
"0202090167";"145"
"0202090183";"145"
"0202090191";"145"
"0202090213";"145"
"0202090221";"145"
"0202090221";"151"
"0202090230";"145"
"0202090248";"145"
"0202090256";"145"
"0202090264";"145"
"0202090272";"145"
"0202090280";"145"
"0202090299";"145"
"0202090302";"145"
"0202090310";"145"
"0202090329";"145"
"0202090337";"145"
"0202090345";"145"
"0202090353";"145"
"0202100014";"145"
"0202100022";"145"
"0202100030";"145"
"0202100049";"120"
"0202100049";"145"
"0202100057";"145"
"0202100065";"145"
"0202100073";"145"
"0202100081";"145"
"0202100090";"145"
"0202100103";"145"
"0202100111";"145"
"0202100120";"145"
"0202100138";"145"
"0202100146";"145"
"0202100154";"145"
"0202100162";"145"
"0202100170";"145"
"0202100189";"145"
"0202100197";"145"
"0202110010";"145"
"0202110028";"145"
"0202110036";"145"
"0202110044";"145"
"0202110052";"145"
"0202110060";"145"
"0202110079";"145"
"0202110087";"145"
"0202110095";"145"
"0202110109";"145"
"0202110117";"145"
"0202110125";"145"
"0202110133";"145"
"0202110141";"145"
"0202120015";"128"
"0202120015";"145"
"0202120023";"128"
"0202120023";"145"
"0202120031";"128"
"0202120031";"145"
"0202120040";"128"
"0202120040";"145"
"0202120058";"128"
"0202120058";"145"
"0202120066";"128"
"0202120066";"145"
"0202120074";"128"
"0202120074";"145"
"0202120082";"128"
"0202120082";"145"
"0202120090";"128"
"0202120090";"145"
"0202120104";"128"
"0202120104";"145"
"0203010019";"120"
"0203010027";"120"
"0203010035";"120"
"0203010043";"120"
"0203010078";"120"
"0203010086";"120"
"0203010086";"120"
"0203020014";"120"
"0203020014";"120"
"0203020022";"120"
"0203020030";"120"
"0203020049";"120"
"0203020057";"120"
"0203020065";"120"
"0203020073";"120"
"0203020081";"120"
"0204010012";"121"
"0204010012";"121"
"0204010020";"121"
"0204010020";"121"
"0204010039";"121"
"0204010039";"121"
"0204010047";"121"
"0204010047";"121"
"0204010055";"121"
"0204010055";"121"
"0204010063";"121"
"0204010063";"121"
"0204010071";"121"
"0204010071";"121"
"0204010080";"121"
"0204010080";"121"
"0204010098";"121"
"0204010098";"121"
"0204010101";"121"
"0204010101";"121"
"0204010110";"121"
"0204010110";"121"
"0204010128";"121"
"0204010128";"121"
"0204010136";"121"
"0204010136";"121"
"0204010144";"121"
"0204010144";"121"
"0204010152";"121"
"0204010152";"121"
"0204010179";"121"
"0204010179";"121"
"0204010195";"121"
"0204010195";"121"
"0204010209";"121"
"0204010209";"121"
"0204020018";"121"
"0204020018";"121"
"0204020026";"121"
"0204020026";"121"
"0204020034";"121"
"0204020034";"121"
"0204020042";"121"
"0204020042";"121"
"0204020050";"121"
"0204020050";"121"
"0204020069";"121"
"0204020069";"121"
"0204020077";"121"
"0204020077";"121"
"0204020085";"121"
"0204020085";"121"
"0204020093";"121"
"0204020093";"121"
"0204020107";"121"
"0204020107";"121"
"0204020115";"121"
"0204020115";"121"
"0204020123";"121"
"0204020123";"121"
"0204020131";"121"
"0204020131";"121"
"0204030013";"121"
"0204030013";"121"
"0204030021";"121"
"0204030021";"121"
"0204030030";"121"
"0204030030";"121"
"0204030048";"121"
"0204030048";"121"
"0204030056";"121"
"0204030056";"121"
"0204030064";"121"
"0204030064";"121"
"0204030072";"121"
"0204030072";"121"
"0204030080";"121"
"0204030080";"121"
"0204030099";"121"
"0204030099";"121"
"0204030102";"121"
"0204030102";"121"
"0204030110";"121"
"0204030110";"121"
"0204030129";"121"
"0204030129";"121"
"0204030137";"121"
"0204030137";"121"
"0204030145";"121"
"0204030145";"121"
"0204030153";"121"
"0204030153";"121"
"0204030161";"121"
"0204030161";"121"
"0204030170";"121"
"0204030170";"121"
"0204030188";"121"
"0204030188";"121"
"0204040019";"121"
"0204040019";"121"
"0204040027";"121"
"0204040027";"121"
"0204040035";"121"
"0204040035";"121"
"0204040043";"121"
"0204040043";"121"
"0204040051";"121"
"0204040051";"121"
"0204040060";"121"
"0204040060";"121"
"0204040078";"121"
"0204040078";"121"
"0204040086";"121"
"0204040086";"121"
"0204040094";"121"
"0204040094";"121"
"0204040108";"121"
"0204040108";"121"
"0204040116";"121"
"0204040116";"121"
"0204040124";"121"
"0204040124";"121"
"0204050014";"121"
"0204050014";"121"
"0204050022";"121"
"0204050022";"121"
"0204050030";"121"
"0204050030";"121"
"0204050049";"121"
"0204050049";"121"
"0204050057";"121"
"0204050057";"121"
"0204050065";"121"
"0204050065";"121"
"0204050073";"121"
"0204050073";"121"
"0204050081";"121"
"0204050081";"121"
"0204050090";"121"
"0204050090";"121"
"0204050103";"121"
"0204050103";"121"
"0204050111";"121"
"0204050111";"121"
"0204050120";"121"
"0204050120";"121"
"0204050138";"121"
"0204050138";"121"
"0204050146";"121"
"0204050146";"121"
"0204050154";"121"
"0204050154";"121"
"0204050162";"121"
"0204050162";"121"
"0204050170";"121"
"0204050170";"121"
"0204050189";"121"
"0204050189";"121"
"0204060010";"121"
"0204060010";"121"
"0204060036";"121"
"0204060036";"121"
"0204060044";"121"
"0204060044";"121"
"0204060052";"121"
"0204060052";"121"
"0204060060";"121"
"0204060060";"121"
"0204060079";"121"
"0204060079";"121"
"0204060087";"121"
"0204060087";"121"
"0204060095";"121"
"0204060095";"121"
"0204060109";"121"
"0204060109";"121"
"0204060117";"121"
"0204060117";"121"
"0204060125";"121"
"0204060125";"121"
"0204060133";"121"
"0204060133";"121"
"0204060141";"121"
"0204060141";"121"
"0204060150";"121"
"0204060150";"121"
"0204060168";"121"
"0204060168";"121"
"0204060176";"121"
"0204060176";"121"
"0205010016";"122"
"0205010016";"122"
"0205010024";"122"
"0205010024";"122"
"0205010032";"121"
"0205010032";"121"
"0205010040";"121"
"0205010040";"121"
"0205010059";"121"
"0205010059";"121"
"0205020011";"121"
"0205020011";"121"
"0205020020";"131"
"0205020038";"121"
"0205020038";"121"
"0205020046";"121"
"0205020046";"121"
"0205020054";"121"
"0205020054";"121"
"0205020062";"121"
"0205020062";"121"
"0205020070";"121"
"0205020070";"121"
"0205020089";"121"
"0205020089";"121"
"0205020097";"121"
"0205020097";"121"
"0205020100";"121"
"0205020100";"121"
"0205020119";"121"
"0205020119";"121"
"0205020127";"121"
"0205020127";"121"
"0205020135";"121"
"0205020135";"121"
"0205020143";"121"
"0205020143";"121"
"0205020151";"121"
"0205020151";"121"
"0205020160";"121"
"0205020160";"121"
"0205020178";"121"
"0205020178";"121"
"0205020186";"121"
"0205020186";"121"
"0205020194";"121"
"0205020194";"121"
"0206010010";"121"
"0206010010";"121"
"0206010028";"121"
"0206010028";"121"
"0206010036";"121"
"0206010036";"121"
"0206010044";"121"
"0206010044";"121"
"0206010052";"121"
"0206010052";"121"
"0206010060";"121"
"0206010060";"121"
"0206010079";"121"
"0206010079";"121"
"0206010087";"121"
"0206010087";"121"
"0206010095";"121"
"0206010095";"121"
"0206010095";"151"
"0206020015";"121"
"0206020015";"121"
"0206020023";"121"
"0206020023";"121"
"0206020031";"121"
"0206020031";"121"
"0206020040";"121"
"0206020040";"121"
"0206030010";"121"
"0206030010";"121"
"0206030029";"121"
"0206030029";"121"
"0206030037";"121"
"0206030037";"121"
"0207010013";"121"
"0207010013";"121"
"0207010021";"121"
"0207010021";"121"
"0207010030";"121"
"0207010030";"121"
"0207010048";"121"
"0207010048";"121"
"0207010056";"121"
"0207010056";"121"
"0207010064";"121"
"0207010064";"121"
"0207010072";"121"
"0207010072";"121"
"0207020019";"121"
"0207020019";"121"
"0207020027";"121"
"0207020027";"121"
"0207020035";"121"
"0207020035";"121"
"0207030014";"121"
"0207030014";"121"
"0207030022";"121"
"0207030022";"121"
"0207030030";"121"
"0207030030";"121"
"0207030049";"121"
"0207030049";"121"
"0208010017";"151"
"0208010017";"151"
"0208010025";"151"
"0208010025";"151"
"0208010033";"151"
"0208010033";"151"
"0208010041";"151"
"0208010041";"151"
"0208010050";"151"
"0208010050";"151"
"0208010068";"151"
"0208010068";"151"
"0208010076";"151"
"0208010076";"151"
"0208010084";"151"
"0208010084";"151"
"0208010092";"151"
"0208010092";"151"
"0208020012";"151"
"0208020012";"151"
"0208020020";"151"
"0208020020";"151"
"0208020039";"151"
"0208020039";"151"
"0208020047";"151"
"0208020047";"151"
"0208020055";"151"
"0208020055";"151"
"0208020063";"151"
"0208020063";"151"
"0208020071";"151"
"0208020071";"151"
"0208020080";"151"
"0208020080";"151"
"0208020098";"151"
"0208020098";"151"
"0208020101";"151"
"0208020101";"151"
"0208020110";"151"
"0208020110";"151"
"0208020128";"151"
"0208020128";"151"
"0208030018";"151"
"0208030018";"151"
"0208030026";"151"
"0208030026";"151"
"0208030034";"151"
"0208030034";"151"
"0208030042";"151"
"0208030042";"151"
"0208030050";"151"
"0208030050";"151"
"0208040013";"151"
"0208040013";"151"
"0208040021";"151"
"0208040021";"151"
"0208040030";"151"
"0208040030";"151"
"0208040048";"151"
"0208040048";"151"
"0208040056";"151"
"0208040056";"151"
"0208040064";"151"
"0208040064";"151"
"0208040072";"151"
"0208040072";"151"
"0208040080";"151"
"0208040080";"151"
"0208040099";"151"
"0208040099";"151"
"0208040102";"151"
"0208040102";"151"
"0208050019";"151"
"0208050019";"151"
"0208050027";"151"
"0208050027";"151"
"0208050035";"151"
"0208050035";"151"
"0208050043";"151"
"0208050043";"151"
"0208060014";"151"
"0208060014";"151"
"0208060022";"151"
"0208060022";"151"
"0208060030";"151"
"0208060030";"151"
"0208070010";"151"
"0208070010";"151"
"0208070028";"151"
"0208070028";"151"
"0208070036";"151"
"0208070036";"151"
"0208070044";"151"
"0208070044";"151"
"0208080015";"151"
"0208080015";"151"
"0208080023";"151"
"0208080023";"151"
"0208080031";"151"
"0208080031";"151"
"0208080040";"151"
"0208080040";"151"
"0208090010";"151"
"0208090010";"151"
"0208090029";"151"
"0208090029";"151"
"0208090037";"151"
"0208090037";"151"
"0209010010";"142"
"0209010029";"142"
"0209010037";"142"
"0209010045";"142"
"0209010053";"142"
"0209010061";"142"
"0209020016";"142"
"0209030011";"142"
"0209040017";"142"
"0209040025";"142"
"0209040033";"142"
"0209040041";"142"
"0209040050";"142"
"0210010010";"121"
"0210010010";"121"
"0210010029";"121"
"0210010029";"121"
"0210010037";"121"
"0210010037";"121"
"0210010045";"121"
"0210010045";"121"
"0210010053";"121"
"0210010053";"121"
"0210010061";"121"
"0210010061";"121"
"0210010070";"121"
"0210010070";"121"
"0210010088";"121"
"0210010088";"121"
"0210010096";"121"
"0210010096";"121"
"0210010100";"121"
"0210010100";"121"
"0210010118";"121"
"0210010118";"121"
"0210010126";"121"
"0210010126";"121"
"0210010134";"121"
"0210010134";"121"
"0210010142";"121"
"0210010142";"121"
"0210010150";"121"
"0210010150";"121"
"0210010169";"121"
"0210010169";"121"
"0210010169";"121"
"0210010177";"121"
"0210010177";"121"
"0210010185";"121"
"0210010185";"121"
"0210010193";"121"
"0210010193";"121"
"0210010207";"121"
"0210010207";"121"
"0210020016";"121"
"0210020016";"121"
"0211010022";"121"
"0211020010";"116"
"0211020028";"116"
"0211020036";"113"
"0211020036";"113"
"0211020036";"113"
"0211020036";"113"
"0211020036";"122"
"0211020036";"122"
"0211020044";"122"
"0211020044";"122"
"0211020060";"122"
"0211020060";"122"
"0211030015";"126"
"0211030015";"135"
"0211030015";"135"
"0211030015";"135"
"0211030015";"135"
"0211030015";"135"
"0211030015";"135"
"0211030015";"135"
"0211030023";"126"
"0211030023";"135"
"0211030023";"135"
"0211030023";"135"
"0211030023";"135"
"0211030023";"135"
"0211030023";"135"
"0211030023";"135"
"0211030031";"126"
"0211030031";"135"
"0211030031";"135"
"0211030031";"135"
"0211030031";"135"
"0211030031";"135"
"0211030031";"135"
"0211030031";"135"
"0211030040";"126"
"0211030040";"135"
"0211030040";"135"
"0211030040";"135"
"0211030040";"135"
"0211030040";"135"
"0211030040";"135"
"0211030040";"135"
"0211030058";"126"
"0211030058";"135"
"0211030058";"135"
"0211030058";"135"
"0211030058";"135"
"0211030058";"135"
"0211030058";"135"
"0211030058";"135"
"0211030066";"126"
"0211030066";"135"
"0211030066";"135"
"0211030066";"135"
"0211030066";"135"
"0211030066";"135"
"0211030066";"135"
"0211030066";"135"
"0211030074";"126"
"0211030074";"135"
"0211030074";"135"
"0211030074";"135"
"0211030074";"135"
"0211030074";"135"
"0211030074";"135"
"0211030074";"135"
"0211030082";"126"
"0211030082";"135"
"0211030082";"135"
"0211030082";"135"
"0211030082";"135"
"0211030082";"135"
"0211030082";"135"
"0211030082";"135"
"0211030090";"126"
"0211030090";"135"
"0211030090";"135"
"0211030090";"135"
"0211030090";"135"
"0211030090";"135"
"0211030090";"135"
"0211030090";"135"
"0211040037";"145"
"0211050024";"122"
"0211050024";"122"
"0211050032";"122"
"0211050032";"122"
"0211050040";"122"
"0211050040";"122"
"0211050059";"122"
"0211050059";"122"
"0211050067";"122"
"0211050067";"122"
"0211050091";"105"
"0211050105";"105"
"0211050105";"133"
"0211050105";"133"
"0211050105";"133"
"0211050148";"105"
"0211050156";"122"
"0211050156";"122"
"0211060011";"131"
"0211060011";"135"
"0211060011";"135"
"0211060020";"131"
"0211060020";"135"
"0211060020";"135"
"0211060038";"131"
"0211060054";"131"
"0211060062";"131"
"0211060070";"131"
"0211060070";"135"
"0211060070";"135"
"0211060089";"131"
"0211060089";"135"
"0211060089";"135"
"0211060097";"131"
"0211060100";"131"
"0211060100";"135"
"0211060100";"135"
"0211060119";"131"
"0211060127";"131"
"0211060127";"131"
"0211060127";"131"
"0211060127";"135"
"0211060127";"135"
"0211060135";"131"
"0211060143";"131"
"0211060151";"113"
"0211060151";"113"
"0211060151";"113"
"0211060151";"113"
"0211060151";"131"
"0211060151";"135"
"0211060151";"135"
"0211060160";"131"
"0211060160";"135"
"0211060160";"135"
"0211060178";"131"
"0211060178";"131"
"0211060186";"131"
"0211060208";"131"
"0211060216";"131"
"0211060216";"135"
"0211060216";"135"
"0211060224";"131"
"0211060224";"135"
"0211060224";"135"
"0211060232";"131"
"0211060232";"135"
"0211060232";"135"
"0211060240";"131"
"0211060259";"131"
"0211060259";"135"
"0211060259";"135"
"0211060267";"131"
"0211060283";"131"
"0211070025";"135"
"0211070025";"135"
"0211070033";"135"
"0211070033";"135"
"0211070041";"135"
"0211070092";"135"
"0211070092";"135"
"0211070106";"135"
"0211070106";"135"
"0211070122";"135"
"0211070157";"135"
"0211070157";"135"
"0211070165";"135"
"0211070165";"135"
"0211070190";"135"
"0211070190";"135"
"0211070190";"135"
"0211070190";"135"
"0211070190";"135"
"0211070190";"135"
"0211070203";"135"
"0211070203";"135"
"0211070211";"135"
"0211070211";"135"
"0211070238";"135"
"0211070238";"135"
"0211070246";"135"
"0211070246";"135"
"0211070254";"135"
"0211070262";"135"
"0211070262";"135"
"0211070270";"107"
"0211070270";"135"
"0211070289";"135"
"0211070289";"135"
"0211070297";"135"
"0211070297";"135"
"0211070300";"135"
"0211070300";"135"
"0211070319";"135"
"0211070319";"135"
"0211070327";"135"
"0211070327";"135"
"0211070335";"135"
"0211070335";"135"
"0211070343";"135"
"0211070343";"135"
"0211070378";"107"
"0211070386";"107"
"0211070394";"107"
"0211070408";"107"
"0211070416";"107"
"0211080012";"133"
"0211080020";"133"
"0211080039";"133"
"0211080047";"133"
"0211080055";"133"
"0211080055";"133"
"0211080063";"133"
"0211080071";"133"
"0211080080";"122"
"0211080080";"122"
"0211100013";"115"
"0211100013";"135"
"0211100013";"135"
"0211100013";"135"
"0211100013";"135"
"0211100013";"135"
"0211100013";"135"
"0212010018";"128"
"0212010026";"128"
"0212010034";"128"
"0212010042";"128"
"0212010050";"128"
"0212010069";"128"
"0212020013";"128"
"0212020021";"128"
"0212020030";"128"
"0212020048";"128"
"0212020056";"128"
"0212020064";"128"
"0213010011";"141"
"0213010020";"141"
"0213010038";"141"
"0213010054";"141"
"0213010062";"141"
"0213010070";"141"
"0213010089";"141"
"0213010097";"141"
"0213010100";"141"
"0213010119";"141"
"0213010127";"141"
"0213010135";"141"
"0213010143";"141"
"0213010160";"141"
"0213010178";"141"
"0213010186";"141"
"0213010194";"141"
"0213010208";"141"
"0213010216";"141"
"0213010224";"141"
"0213010232";"141"
"0213010240";"141"
"0213010259";"141"
"0213010267";"141"
"0213010275";"141"
"0213010291";"141"
"0213010305";"141"
"0213010321";"141"
"0213010330";"141"
"0213010348";"141"
"0213010356";"141"
"0213010364";"141"
"0213010372";"141"
"0213010380";"141"
"0213010399";"141"
"0213010402";"141"
"0213010410";"141"
"0213010429";"141"
"0213010437";"141"
"0213010445";"141"
"0213010453";"141"
"0213010470";"141"
"0213010488";"141"
"0213010496";"141"
"0213010500";"141"
"0213010518";"141"
"0213010526";"141"
"0213010534";"141"
"0213010542";"141"
"0213010550";"141"
"0213010569";"141"
"0213010577";"141"
"0213010585";"141"
"0213010607";"141"
"0213010615";"141"
"0213010623";"141"
"0213010631";"141"
"0213010640";"141"
"0213010658";"141"
"0213010666";"141"
"0213010674";"141"
"0213010682";"141"
"0213010690";"141"
"0213010704";"141"
"0213020017";"141"
"0213020025";"141"
"0213020033";"141"
"0213020041";"141"
"0213020050";"141"
"0213020068";"141"
"0213020076";"141"
"0213020084";"141"
"0301010102";"131"
"0301010196";"168"
"0301010196";"168"
"0301010200";"168"
"0301010200";"168"
"0301010218";"168"
"0301010218";"168"
"0301010226";"168"
"0301010226";"168"
"0301020019";"108"
"0301020027";"108"
"0301030022";"103"
"0301030049";"103"
"0301030057";"103"
"0301030057";"103"
"0301030081";"103"
"0301030090";"103"
"0301030103";"103"
"0301030111";"104"
"0301030120";"104"
"0301030138";"104"
"0301030146";"104"
"0301030154";"103"
"0301030162";"103"
"0301030162";"103"
"0301040052";"165"
"0301040060";"165"
"0301050015";"133"
"0301050031";"113"
"0301050031";"113"
"0301050031";"113"
"0301050040";"113"
"0301050066";"113"
"0301050066";"113"
"0301050066";"133"
"0301050074";"113"
"0301050082";"113"
"0301050082";"113"
"0301050112";"113"
"0301050112";"113"
"0301050120";"113"
"0301050120";"113"
"0301050139";"113"
"0301050139";"113"
"0301050147";"108"
"0301050147";"113"
"0301050147";"113"
"0301050155";"113"
"0301050155";"113"
"0301070016";"107"
"0301070024";"113"
"0301070024";"113"
"0301070024";"113"
"0301070024";"113"
"0301070024";"135"
"0301070024";"135"
"0301070024";"135"
"0301070024";"135"
"0301070024";"135"
"0301070024";"135"
"0301070032";"135"
"0301070032";"135"
"0301070040";"115"
"0301070040";"135"
"0301070040";"135"
"0301070040";"135"
"0301070040";"135"
"0301070040";"135"
"0301070040";"135"
"0301070040";"135"
"0301070067";"113"
"0301070067";"113"
"0301070067";"113"
"0301070067";"113"
"0301070067";"135"
"0301070067";"135"
"0301070067";"135"
"0301070067";"135"
"0301070067";"135"
"0301070067";"135"
"0301070075";"135"
"0301070075";"135"
"0301070075";"135"
"0301070075";"135"
"0301070075";"135"
"0301070075";"135"
"0301070075";"135"
"0301070083";"135"
"0301070083";"135"
"0301070083";"135"
"0301070083";"135"
"0301070083";"135"
"0301070083";"135"
"0301070091";"135"
"0301070091";"135"
"0301070105";"135"
"0301070105";"135"
"0301070113";"113"
"0301070113";"113"
"0301070113";"113"
"0301070113";"113"
"0301070113";"135"
"0301070113";"135"
"0301070113";"135"
"0301070113";"135"
"0301070113";"135"
"0301070113";"135"
"0301070121";"135"
"0301070130";"135"
"0301070130";"135"
"0301070148";"135"
"0301070148";"135"
"0301070156";"135"
"0301070156";"135"
"0301070164";"135"
"0301070164";"135"
"0301070172";"107"
"0301070180";"107"
"0301070199";"107"
"0301080011";"119"
"0301080020";"115"
"0301080038";"115"
"0301080046";"115"
"0301080046";"115"
"0301080046";"115"
"0301080160";"115"
"0301080160";"135"
"0301080160";"135"
"0301080160";"135"
"0301080160";"135"
"0301080160";"135"
"0301080160";"135"
"0301080178";"115"
"0301080194";"115"
"0301080208";"115"
"0301080216";"115"
"0301080224";"115"
"0301080232";"115"
"0301080240";"115"
"0301080259";"115"
"0301080267";"115"
"0301080275";"115"
"0301080283";"115"
"0301080291";"115"
"0301080305";"115"
"0301080313";"115"
"0301080321";"115"
"0301080330";"115"
"0301080348";"115"
"0301080356";"115"
"0301080364";"115"
"0301080372";"115"
"0301080380";"115"
"0301080399";"115"
"0301110018";"117"
"0301110026";"117"
"0301120056";"127"
"0301120064";"139"
"0301120072";"139"
"0301120080";"127"
"0301130035";"153"
"0301130043";"153"
"0301130043";"153"
"0301130051";"130"
"0301130060";"130"
"0301140014";"113"
"0301140014";"113"
"0302010017";"126"
"0302010025";"126"
"0302010033";"126"
"0302020012";"113"
"0302020012";"113"
"0302020012";"113"
"0302020012";"113"
"0302020012";"126"
"0302020020";"113"
"0302020020";"113"
"0302020020";"113"
"0302020020";"113"
"0302020020";"126"
"0302020039";"126"
"0302030018";"126"
"0302030018";"135"
"0302030018";"135"
"0302030026";"126"
"0302030026";"135"
"0302030026";"135"
"0302040013";"126"
"0302040013";"126"
"0302040013";"126"
"0302040013";"126"
"0302040013";"135"
"0302040013";"135"
"0302040021";"113"
"0302040021";"113"
"0302040021";"113"
"0302040021";"113"
"0302040021";"126"
"0302040021";"135"
"0302040021";"135"
"0302040021";"135"
"0302040030";"113"
"0302040030";"113"
"0302040030";"113"
"0302040030";"113"
"0302040030";"126"
"0302040048";"126"
"0302040048";"135"
"0302040048";"135"
"0302040056";"126"
"0302040056";"135"
"0302040056";"135"
"0302050019";"126"
"0302050019";"135"
"0302050019";"135"
"0302050027";"113"
"0302050027";"113"
"0302050027";"113"
"0302050027";"113"
"0302050027";"126"
"0302050027";"135"
"0302050027";"135"
"0302050027";"135"
"0302050035";"126"
"0302060014";"113"
"0302060014";"113"
"0302060014";"113"
"0302060014";"113"
"0302060014";"126"
"0302060014";"135"
"0302060014";"135"
"0302060014";"135"
"0302060022";"113"
"0302060022";"113"
"0302060022";"113"
"0302060022";"113"
"0302060022";"126"
"0302060022";"135"
"0302060022";"135"
"0302060022";"135"
"0302060030";"126"
"0302060030";"135"
"0302060030";"135"
"0302060049";"126"
"0302060049";"135"
"0302060049";"135"
"0302060049";"135"
"0302060049";"135"
"0302060057";"126"
"0302060057";"135"
"0302060057";"135"
"0302070010";"126"
"0302070028";"126"
"0302070036";"126"
"0303030089";"153"
"0303030097";"153"
"0303040068";"105"
"0303040068";"105"
"0303040068";"105"
"0303040068";"105"
"0303040068";"105"
"0303040068";"105"
"0303040068";"105"
"0303040068";"105"
"0303040068";"132"
"0303040106";"105"
"0303040106";"105"
"0303040106";"105"
"0303040106";"105"
"0303040106";"105"
"0303040114";"105"
"0303040114";"105"
"0303040114";"105"
"0303040114";"105"
"0303040114";"105"
"0303040114";"155"
"0303040114";"155"
"0303040114";"155"
"0303040122";"105"
"0303040122";"105"
"0303040122";"105"
"0303040122";"105"
"0303040122";"105"
"0303040122";"132"
"0303040300";"140"
"0303040300";"140"
"0303040300";"140"
"0303050012";"131"
"0303050020";"131"
"0303050039";"131"
"0303050047";"131"
"0303050055";"131"
"0303050063";"131"
"0303050071";"131"
"0303050080";"131"
"0303050098";"131"
"0303050101";"131"
"0303050110";"131"
"0303050136";"131"
"0303050144";"131"
"0303050152";"131"
"0303050160";"131"
"0303050179";"131"
"0303050187";"131"
"0303050195";"131"
"0303050209";"131"
"0303050217";"131"
"0303050225";"131"
"0303050233";"131"
"0303070013";"142"
"0303070137";"127"
"0303170131";"115"
"0303170140";"115"
"0303170158";"115"
"0303170166";"115"
"0303170174";"115"
"0303170182";"115"
"0303190019";"113"
"0303190019";"113"
"0303190019";"113"
"0303190019";"113"
"0303190019";"135"
"0304010014";"132"
"0304010022";"132"
"0304010030";"132"
"0304010049";"132"
"0304010057";"132"
"0304010065";"132"
"0304010073";"132"
"0304010081";"132"
"0304010090";"132"
"0304010111";"132"
"0304010111";"132"
"0304010111";"132"
"0304010111";"132"
"0304010120";"132"
"0304010138";"132"
"0304010146";"132"
"0304010154";"132"
"0304010162";"132"
"0304010170";"132"
"0304010189";"132"
"0304010197";"132"
"0304010200";"132"
"0304010219";"132"
"0304010235";"132"
"0304010243";"132"
"0304010260";"132"
"0304010286";"132"
"0304010294";"132"
"0304010308";"132"
"0304010316";"132"
"0304010324";"132"
"0304010332";"132"
"0304010340";"132"
"0304010359";"105"
"0304010359";"105"
"0304010359";"132"
"0304010359";"132"
"0304010359";"132"
"0304020010";"132"
"0304020028";"132"
"0304020036";"132"
"0304020044";"132"
"0304020052";"132"
"0304020060";"132"
"0304020079";"132"
"0304020087";"132"
"0304020095";"132"
"0304020109";"132"
"0304020117";"132"
"0304020125";"132"
"0304020133";"132"
"0304020141";"132"
"0304020150";"132"
"0304020168";"132"
"0304020176";"132"
"0304020184";"132"
"0304020192";"132"
"0304020206";"132"
"0304020214";"132"
"0304020222";"132"
"0304020230";"132"
"0304020249";"132"
"0304020257";"132"
"0304020265";"132"
"0304020273";"132"
"0304020281";"132"
"0304020290";"132"
"0304020303";"132"
"0304020311";"132"
"0304020320";"132"
"0304020338";"132"
"0304020346";"132"
"0304020362";"132"
"0304020370";"132"
"0304020389";"132"
"0304020397";"132"
"0304020400";"132"
"0304020419";"132"
"0304020427";"132"
"0304020435";"132"
"0304020443";"132"
"0304030015";"132"
"0304030015";"132"
"0304030023";"132"
"0304030023";"132"
"0304030031";"132"
"0304030031";"132"
"0304030040";"132"
"0304030040";"132"
"0304030058";"132"
"0304030058";"132"
"0304030066";"132"
"0304030066";"132"
"0304030074";"132"
"0304030074";"132"
"0304030082";"132"
"0304030082";"132"
"0304030090";"132"
"0304030090";"132"
"0304030104";"132"
"0304030104";"132"
"0304030112";"132"
"0304030112";"132"
"0304030120";"132"
"0304030120";"132"
"0304030139";"132"
"0304030139";"132"
"0304030147";"132"
"0304030147";"132"
"0304030155";"132"
"0304030155";"132"
"0304030163";"132"
"0304030163";"132"
"0304030171";"132"
"0304030171";"132"
"0304030180";"132"
"0304030180";"132"
"0304030198";"132"
"0304030198";"132"
"0304030201";"132"
"0304030201";"132"
"0304030210";"132"
"0304030210";"132"
"0304030228";"132"
"0304030228";"132"
"0304030236";"132"
"0304030244";"132"
"0304040010";"132"
"0304040029";"132"
"0304040045";"132"
"0304040053";"132"
"0304040061";"132"
"0304040070";"132"
"0304040088";"132"
"0304040096";"132"
"0304040100";"132"
"0304040118";"132"
"0304040126";"132"
"0304040134";"132"
"0304040142";"132"
"0304040150";"132"
"0304040169";"132"
"0304040177";"132"
"0304040185";"132"
"0304040193";"132"
"0304040207";"132"
"0304050016";"132"
"0304050024";"132"
"0304050032";"132"
"0304050040";"132"
"0304050067";"132"
"0304050075";"132"
"0304050113";"132"
"0304050121";"132"
"0304050130";"132"
"0304050172";"132"
"0304050180";"132"
"0304050202";"132"
"0304050210";"132"
"0304050229";"132"
"0304050253";"132"
"0304050261";"132"
"0304050270";"132"
"0304050288";"132"
"0304050296";"132"
"0304050300";"132"
"0304050318";"132"
"0304050326";"132"
"0304050334";"132"
"0304050342";"132"
"0304060011";"132"
"0304060011";"132"
"0304060038";"132"
"0304060038";"132"
"0304060046";"132"
"0304060046";"132"
"0304060070";"132"
"0304060070";"132"
"0304060089";"132"
"0304060089";"132"
"0304060097";"132"
"0304060097";"132"
"0304060100";"132"
"0304060100";"132"
"0304060119";"132"
"0304060119";"132"
"0304060127";"132"
"0304060127";"132"
"0304060135";"132"
"0304060135";"132"
"0304060151";"132"
"0304060160";"132"
"0304060178";"132"
"0304060186";"132"
"0304060208";"132"
"0304060216";"132"
"0304060224";"132"
"0304060224";"132"
"0304060232";"132"
"0304060232";"132"
"0304060240";"132"
"0304060240";"132"
"0304070017";"132"
"0304070017";"132"
"0304070017";"132"
"0304070025";"132"
"0304070025";"132"
"0304070025";"132"
"0304070033";"132"
"0304070033";"132"
"0304070033";"132"
"0304070041";"132"
"0304070041";"132"
"0304070041";"132"
"0304070050";"132"
"0304070050";"132"
"0304070068";"132"
"0304070068";"132"
"0304070068";"132"
"0304070076";"132"
"0304070076";"132"
"0304070076";"132"
"0304080012";"132"
"0304080012";"132"
"0304080012";"132"
"0304080020";"132"
"0304080020";"132"
"0304080020";"132"
"0304080039";"132"
"0304080039";"132"
"0304080039";"132"
"0304080047";"132"
"0304080047";"132"
"0304080055";"132"
"0304080055";"132"
"0304080055";"132"
"0304080063";"132"
"0304080071";"132"
"0304080071";"132"
"0304080071";"132"
"0304090018";"151"
"0304090026";"151"
"0304090034";"151"
"0304090042";"151"
"0304090050";"151"
"0304090069";"151"
"0305010018";"130"
"0305010026";"130"
"0305010093";"130"
"0305010107";"130"
"0305010115";"130"
"0305010123";"130"
"0305010166";"130"
"0305010204";"130"
"0305010212";"130"
"0306010011";"128"
"0306010020";"128"
"0306010038";"128"
"0306020017";"128"
"0306020025";"128"
"0306020033";"128"
"0306020041";"128"
"0306020050";"128"
"0306020068";"128"
"0306020076";"128"
"0306020084";"128"
"0306020092";"128"
"0306020106";"128"
"0306020114";"128"
"0306020122";"128"
"0306020130";"128"
"0306020149";"128"
"0306020157";"128"
"0309030056";"142"
"0309030064";"142"
"0309030102";"169"
"0309030110";"169"
"0309030129";"169"
"0309030137";"169"
"0309050014";"113"
"0309050014";"113"
"0309050014";"113"
"0309050014";"113"
"0309050014";"134"
"0309050014";"135"
"0309050014";"135"
"0309050014";"135"
"0309050014";"135"
"0309050014";"135"
"0309050014";"135"
"0309050014";"135"
"0309050022";"113"
"0309050022";"113"
"0309050022";"113"
"0309050022";"113"
"0309050022";"134"
"0309050022";"135"
"0309050022";"135"
"0309050022";"135"
"0309050022";"135"
"0309050022";"135"
"0309050022";"135"
"0309050022";"135"
"0309050030";"113"
"0309050030";"113"
"0309050030";"113"
"0309050030";"113"
"0309050030";"134"
"0309050030";"135"
"0309050030";"135"
"0309050030";"135"
"0309050030";"135"
"0309050030";"135"
"0309050030";"135"
"0309050030";"135"
"0309070015";"116"
"0309070023";"116"
"0403010047";"105"
"0403010047";"105"
"0403010047";"105"
"0403010047";"105"
"0403010047";"105"
"0403010047";"132"
"0403010055";"105"
"0403010055";"105"
"0403010055";"105"
"0403010055";"105"
"0403010055";"105"
"0403010055";"132"
"0403010071";"105"
"0403010071";"105"
"0403010071";"105"
"0403010071";"105"
"0403010071";"105"
"0403010071";"132"
"0403010110";"105"
"0403010110";"105"
"0403010110";"105"
"0403010110";"105"
"0403010110";"105"
"0403010110";"132"
"0403010128";"105"
"0403010128";"105"
"0403010128";"105"
"0403010128";"105"
"0403010128";"105"
"0403010128";"132"
"0403010136";"105"
"0403010136";"105"
"0403010136";"105"
"0403010136";"105"
"0403010136";"105"
"0403010144";"105"
"0403010144";"105"
"0403010144";"105"
"0403010144";"105"
"0403010144";"105"
"0403010144";"132"
"0403010217";"105"
"0403010217";"105"
"0403010217";"105"
"0403010217";"105"
"0403010217";"105"
"0403010225";"105"
"0403010225";"105"
"0403010225";"105"
"0403010225";"105"
"0403010225";"105"
"0403010233";"105"
"0403010233";"105"
"0403010233";"105"
"0403010233";"105"
"0403010233";"105"
"0403010241";"105"
"0403010241";"105"
"0403010241";"105"
"0403010241";"105"
"0403010241";"105"
"0403010241";"132"
"0403010250";"105"
"0403010250";"105"
"0403010250";"105"
"0403010250";"105"
"0403010250";"105"
"0403010250";"132"
"0403010292";"105"
"0403010292";"105"
"0403010292";"105"
"0403010292";"105"
"0403010292";"105"
"0403010292";"132"
"0403010330";"105"
"0403010330";"105"
"0403010330";"105"
"0403010330";"105"
"0403010330";"105"
"0403010357";"105"
"0403010357";"105"
"0403010357";"105"
"0403010357";"105"
"0403010357";"105"
"0403010357";"132"
"0403020018";"105"
"0403020018";"105"
"0403020018";"105"
"0403020018";"105"
"0403020018";"105"
"0403020018";"132"
"0403020018";"155"
"0403020018";"155"
"0403020026";"105"
"0403020026";"105"
"0403020026";"105"
"0403020026";"105"
"0403020026";"105"
"0403020026";"132"
"0403020026";"155"
"0403020026";"155"
"0403020034";"105"
"0403020034";"105"
"0403020034";"105"
"0403020034";"105"
"0403020034";"105"
"0403020034";"132"
"0403020034";"155"
"0403020034";"155"
"0403020042";"105"
"0403020042";"105"
"0403020042";"105"
"0403020042";"105"
"0403020042";"105"
"0403020042";"132"
"0403020042";"155"
"0403020042";"155"
"0403020050";"105"
"0403020050";"105"
"0403020050";"105"
"0403020050";"105"
"0403020050";"105"
"0403020050";"132"
"0403020050";"155"
"0403020050";"155"
"0403020069";"105"
"0403020069";"105"
"0403020069";"105"
"0403020069";"105"
"0403020069";"105"
"0403020069";"132"
"0403020069";"155"
"0403020069";"155"
"0403020093";"105"
"0403020093";"105"
"0403020093";"105"
"0403020093";"105"
"0403020093";"105"
"0403020093";"132"
"0403020115";"105"
"0403020115";"105"
"0403020115";"105"
"0403020115";"105"
"0403020115";"105"
"0403020115";"132"
"0403020115";"155"
"0403020115";"155"
"0403020131";"105"
"0403020131";"105"
"0403020131";"105"
"0403020131";"105"
"0403020131";"105"
"0403020131";"132"
"0403020131";"155"
"0403020131";"155"
"0403030013";"105"
"0403030013";"105"
"0403030013";"105"
"0403030013";"105"
"0403030013";"105"
"0403030013";"132"
"0403030021";"105"
"0403030021";"105"
"0403030021";"105"
"0403030021";"105"
"0403030021";"105"
"0403030021";"132"
"0403030030";"105"
"0403030030";"105"
"0403030030";"105"
"0403030030";"105"
"0403030030";"105"
"0403030030";"132"
"0403030048";"105"
"0403030048";"105"
"0403030048";"105"
"0403030048";"105"
"0403030048";"105"
"0403030048";"132"
"0403030056";"105"
"0403030056";"105"
"0403030056";"105"
"0403030056";"105"
"0403030056";"105"
"0403030056";"132"
"0403030064";"105"
"0403030064";"105"
"0403030064";"105"
"0403030064";"105"
"0403030064";"105"
"0403030064";"132"
"0403030080";"105"
"0403030080";"105"
"0403030080";"105"
"0403030080";"105"
"0403030080";"105"
"0403030080";"132"
"0403030099";"105"
"0403030099";"105"
"0403030099";"105"
"0403030099";"105"
"0403030099";"105"
"0403030099";"132"
"0403030102";"105"
"0403030102";"105"
"0403030102";"105"
"0403030102";"105"
"0403030102";"105"
"0403030102";"132"
"0403030110";"105"
"0403030110";"105"
"0403030110";"105"
"0403030110";"105"
"0403030110";"105"
"0403030110";"132"
"0403030129";"105"
"0403030129";"105"
"0403030129";"105"
"0403030129";"105"
"0403030129";"105"
"0403030129";"132"
"0403030137";"105"
"0403030137";"105"
"0403030137";"105"
"0403030137";"105"
"0403030137";"105"
"0403030137";"132"
"0403030145";"105"
"0403030145";"105"
"0403030145";"105"
"0403030145";"105"
"0403030145";"105"
"0403030145";"132"
"0403030153";"105"
"0403030153";"105"
"0403030153";"105"
"0403030153";"105"
"0403030153";"105"
"0403030153";"132"
"0403030161";"105"
"0403030161";"105"
"0403030161";"105"
"0403030161";"105"
"0403030161";"105"
"0403030161";"132"
"0403040019";"105"
"0403040019";"105"
"0403040019";"105"
"0403040019";"105"
"0403040019";"105"
"0403040027";"105"
"0403040027";"105"
"0403040027";"105"
"0403040027";"105"
"0403040027";"105"
"0403040027";"132"
"0403040051";"105"
"0403040051";"105"
"0403040051";"105"
"0403040051";"105"
"0403040051";"105"
"0403040060";"105"
"0403040060";"105"
"0403040060";"105"
"0403040060";"105"
"0403040060";"105"
"0403040078";"105"
"0403040078";"105"
"0403040078";"105"
"0403040078";"105"
"0403040078";"105"
"0403040086";"105"
"0403040086";"105"
"0403040086";"105"
"0403040086";"105"
"0403040086";"105"
"0403040086";"132"
"0403040094";"105"
"0403040094";"105"
"0403040094";"105"
"0403040094";"105"
"0403040094";"105"
"0403040108";"105"
"0403040108";"105"
"0403040108";"105"
"0403040108";"105"
"0403040108";"105"
"0403040116";"105"
"0403040116";"105"
"0403040116";"105"
"0403040116";"105"
"0403040116";"105"
"0403040124";"105"
"0403040124";"105"
"0403040124";"105"
"0403040124";"105"
"0403040124";"105"
"0403050030";"105"
"0403050030";"105"
"0403050030";"105"
"0403050030";"105"
"0403050030";"105"
"0403050030";"132"
"0403050049";"105"
"0403050049";"105"
"0403050049";"105"
"0403050049";"105"
"0403050049";"105"
"0403050049";"132"
"0403050057";"105"
"0403050057";"105"
"0403050057";"105"
"0403050057";"105"
"0403050057";"105"
"0403050057";"105"
"0403050065";"105"
"0403050065";"105"
"0403050065";"105"
"0403050065";"105"
"0403050065";"105"
"0403050065";"132"
"0403050073";"105"
"0403050073";"105"
"0403050073";"105"
"0403050073";"105"
"0403050073";"105"
"0403050073";"132"
"0403050090";"105"
"0403050090";"105"
"0403050090";"105"
"0403050090";"105"
"0403050090";"105"
"0403050090";"132"
"0403050103";"105"
"0403050103";"105"
"0403050103";"105"
"0403050103";"105"
"0403050103";"105"
"0403050103";"132"
"0403050154";"105"
"0403050154";"105"
"0403050154";"105"
"0403050154";"105"
"0403050154";"105"
"0403050154";"132"
"0403050162";"105"
"0403050162";"105"
"0403050162";"105"
"0403050162";"105"
"0403050162";"105"
"0403050162";"132"
"0403060010";"105"
"0403060028";"105"
"0403060036";"105"
"0403060044";"105"
"0403060052";"105"
"0403060060";"105"
"0403060079";"105"
"0403060087";"105"
"0403060095";"105"
"0403070015";"105"
"0403070040";"105"
"0403070058";"105"
"0403070082";"105"
"0403070090";"105"
"0403070104";"105"
"0403070112";"105"
"0403070120";"105"
"0403070139";"105"
"0403070139";"132"
"0403070147";"105"
"0403070155";"105"
"0403070163";"105"
"0403080010";"105"
"0403080029";"105"
"0403080037";"105"
"0403080045";"105"
"0403080053";"105"
"0403080061";"105"
"0403080070";"105"
"0403080088";"105"
"0403080096";"105"
"0403080100";"105"
"0404010563";"153"
"0404010571";"107"
"0404010580";"107"
"0404010598";"107"
"0404010601";"107"
"0404010610";"107"
"0404010628";"107"
"0404010636";"107"
"0404010644";"107"
"0404010652";"107"
"0404020445";"114"
"0404020445";"114"
"0405010010";"131"
"0405010028";"131"
"0405010036";"131"
"0405010044";"131"
"0405010052";"131"
"0405010060";"131"
"0405010079";"131"
"0405010087";"131"
"0405010109";"131"
"0405010117";"131"
"0405010125";"131"
"0405010125";"132"
"0405010125";"132"
"0405010133";"131"
"0405010133";"132"
"0405010133";"132"
"0405010141";"131"
"0405010150";"131"
"0405010168";"131"
"0405010176";"131"
"0405010184";"131"
"0405010192";"131"
"0405010206";"131"
"0405020015";"131"
"0405020023";"131"
"0405030010";"131"
"0405030010";"132"
"0405030010";"132"
"0405030029";"131"
"0405030037";"131"
"0405030045";"131"
"0405030053";"131"
"0405030070";"131"
"0405030096";"131"
"0405030100";"131"
"0405030118";"131"
"0405030126";"131"
"0405030126";"132"
"0405030126";"132"
"0405030134";"131"
"0405030142";"131"
"0405030150";"131"
"0405030169";"131"
"0405030177";"131"
"0405030185";"131"
"0405030193";"131"
"0405030207";"131"
"0405030215";"131"
"0405030223";"131"
"0405030231";"131"
"0405040016";"131"
"0405040024";"131"
"0405040024";"132"
"0405040024";"132"
"0405040040";"131"
"0405040059";"131"
"0405040067";"131"
"0405040067";"132"
"0405040067";"132"
"0405040075";"131"
"0405040075";"132"
"0405040075";"132"
"0405040083";"131"
"0405040083";"132"
"0405040083";"132"
"0405040091";"131"
"0405040091";"132"
"0405040091";"132"
"0405040105";"131"
"0405040130";"131"
"0405040148";"131"
"0405040148";"132"
"0405040148";"132"
"0405040156";"131"
"0405040156";"132"
"0405040156";"132"
"0405040164";"131"
"0405040164";"132"
"0405040164";"132"
"0405040180";"131"
"0405040199";"131"
"0405040202";"131"
"0405040210";"131"
"0405050011";"131"
"0405050020";"131"
"0405050038";"131"
"0405050046";"131"
"0405050054";"131"
"0405050062";"131"
"0405050070";"131"
"0405050089";"131"
"0405050089";"132"
"0405050089";"132"
"0405050097";"131"
"0405050100";"131"
"0405050119";"131"
"0405050127";"131"
"0405050135";"131"
"0405050143";"131"
"0405050151";"131"
"0405050160";"131"
"0405050178";"131"
"0405050186";"131"
"0405050194";"131"
"0405050208";"131"
"0405050208";"132"
"0405050208";"132"
"0405050216";"131"
"0405050224";"131"
"0405050232";"131"
"0405050240";"131"
"0405050259";"131"
"0405050267";"131"
"0405050283";"131"
"0405050291";"131"
"0405050305";"131"
"0405050313";"131"
"0405050321";"131"
"0405050356";"131"
"0405050364";"131"
"0405050372";"131"
"0405050380";"131"
"0405050399";"131"
"0406010013";"116"
"0406010021";"116"
"0406010021";"116"
"0406010048";"116"
"0406010048";"116"
"0406010056";"116"
"0406010056";"116"
"0406010064";"116"
"0406010064";"116"
"0406010072";"116"
"0406010072";"116"
"0406010080";"116"
"0406010080";"116"
"0406010099";"116"
"0406010099";"116"
"0406010137";"116"
"0406010137";"116"
"0406010137";"116"
"0406010153";"116"
"0406010161";"116"
"0406010161";"116"
"0406010170";"116"
"0406010170";"116"
"0406010188";"116"
"0406010188";"116"
"0406010196";"116"
"0406010200";"116"
"0406010200";"116"
"0406010218";"116"
"0406010218";"116"
"0406010226";"116"
"0406010234";"116"
"0406010234";"116"
"0406010242";"116"
"0406010242";"116"
"0406010250";"116"
"0406010269";"116"
"0406010277";"116"
"0406010285";"116"
"0406010293";"116"
"0406010293";"116"
"0406010307";"116"
"0406010307";"116"
"0406010315";"116"
"0406010315";"116"
"0406010323";"116"
"0406010323";"116"
"0406010331";"116"
"0406010340";"116"
"0406010340";"116"
"0406010358";"116"
"0406010358";"116"
"0406010366";"116"
"0406010374";"116"
"0406010382";"116"
"0406010382";"116"
"0406010390";"116"
"0406010390";"116"
"0406010404";"116"
"0406010404";"116"
"0406010420";"116"
"0406010439";"116"
"0406010439";"116"
"0406010447";"116"
"0406010455";"116"
"0406010455";"116"
"0406010463";"116"
"0406010471";"116"
"0406010480";"116"
"0406010480";"116"
"0406010498";"116"
"0406010501";"116"
"0406010501";"116"
"0406010528";"116"
"0406010528";"116"
"0406010536";"116"
"0406010536";"116"
"0406010544";"116"
"0406010544";"116"
"0406010552";"116"
"0406010552";"116"
"0406010560";"116"
"0406010560";"116"
"0406010579";"116"
"0406010579";"116"
"0406010617";"116"
"0406010617";"116"
"0406010722";"116"
"0406011230";"116"
"0406011230";"116"
"0406011249";"116"
"0406011249";"116"
"0406011257";"116"
"0406011257";"116"
"0406011265";"116"
"0406011265";"116"
"0406011273";"116"
"0406011273";"116"
"0406011281";"116"
"0406011281";"116"
"0406011290";"116"
"0406011290";"116"
"0406011303";"116"
"0406011303";"116"
"0406011311";"116"
"0406011311";"116"
"0406011320";"116"
"0406011320";"116"
"0406011338";"116"
"0406011338";"116"
"0406011346";"116"
"0406011346";"116"
"0406011354";"116"
"0406011354";"116"
"0406011362";"116"
"0406011362";"116"
"0406011370";"116"
"0406011370";"116"
"0406011389";"116"
"0406011389";"116"
"0406011397";"116"
"0406011397";"116"
"0406011400";"116"
"0406011400";"116"
"0406011419";"116"
"0406011419";"116"
"0406011427";"116"
"0406011427";"116"
"0406011435";"116"
"0406011435";"116"
"0406011443";"116"
"0406011443";"116"
"0406011451";"116"
"0406011451";"116"
"0406011460";"116"
"0406011460";"116"
"0406011478";"116"
"0406011478";"116"
"0406011486";"116"
"0406011486";"116"
"0406011494";"116"
"0406011494";"116"
"0406011508";"116"
"0406011508";"116"
"0406011516";"116"
"0406011516";"116"
"0407010122";"127"
"0407010173";"127"
"0407010181";"127"
"0407010360";"127"
"0407010378";"127"
"0407030085";"121"
"0407030093";"121"
"0407030107";"121"
"0407030115";"121"
"0407030239";"121"
"0409010189";"169"
"0409050130";"153"
"0409050148";"153"
"0409060291";"153"
"0410010197";"153"
"0410010200";"153"
"0413010015";"117"
"0413010015";"140"
"0413010031";"117"
"0413010040";"117"
"0413010058";"117"
"0413010066";"117"
"0413010066";"140"
"0413010074";"117"
"0413010082";"117"
"0413010082";"140"
"0413010082";"140"
"0413010090";"117"
"0413010090";"140"
"0413010090";"140"
"0413030016";"117"
"0413030024";"117"
"0413030032";"117"
"0413030040";"117"
"0413030040";"117"
"0413030059";"117"
"0413030067";"117"
"0413030075";"117"
"0413030083";"117"
"0413040038";"127"
"0413040054";"127"
"0413040062";"127"
"0413040070";"127"
"0413040089";"127"
"0413040259";"127"
"0415020018";"127"
"0415020050";"132"
"0416010016";"132"
"0416010024";"132"
"0416010032";"132"
"0416010040";"132"
"0416010075";"132"
"0416010091";"132"
"0416010113";"132"
"0416010121";"132"
"0416010130";"132"
"0416010164";"132"
"0416010172";"132"
"0416010180";"132"
"0416010199";"132"
"0416010202";"132"
"0416010210";"132"
"0416010229";"132"
"0416020020";"132"
"0416020151";"132"
"0416020160";"132"
"0416020178";"132"
"0416020186";"132"
"0416020194";"132"
"0416020208";"132"
"0416020216";"132"
"0416020224";"132"
"0416020232";"132"
"0416020240";"132"
"0416020259";"132"
"0416030017";"132"
"0416030025";"132"
"0416030033";"132"
"0416030041";"132"
"0416030068";"132"
"0416030076";"132"
"0416030084";"132"
"0416030092";"132"
"0416030149";"132"
"0416030157";"132"
"0416030165";"132"
"0416030173";"132"
"0416030181";"132"
"0416030190";"132"
"0416030203";"132"
"0416030211";"132"
"0416030220";"132"
"0416030238";"132"
"0416030246";"132"
"0416030254";"132"
"0416030262";"132"
"0416030270";"132"
"0416030289";"132"
"0416030297";"132"
"0416030300";"132"
"0416030319";"132"
"0416030327";"132"
"0416030335";"132"
"0416030343";"132"
"0416030351";"132"
"0416030360";"132"
"0416040012";"132"
"0416040020";"132"
"0416040039";"132"
"0416040047";"132"
"0416040055";"132"
"0416040071";"132"
"0416040101";"132"
"0416040110";"132"
"0416040128";"132"
"0416040144";"132"
"0416040179";"132"
"0416040187";"132"
"0416040195";"132"
"0416040209";"132"
"0416040217";"132"
"0416040225";"132"
"0416040233";"132"
"0416040241";"132"
"0416040250";"132"
"0416040268";"132"
"0416040276";"132"
"0416040284";"132"
"0416050018";"132"
"0416050026";"132"
"0416050034";"132"
"0416050050";"132"
"0416050077";"132"
"0416050093";"132"
"0416050107";"132"
"0416050115";"132"
"0416060013";"132"
"0416060021";"132"
"0416060030";"132"
"0416060056";"132"
"0416060064";"132"
"0416060080";"132"
"0416060099";"132"
"0416060102";"132"
"0416060110";"132"
"0416060129";"132"
"0416080014";"132"
"0416080030";"132"
"0416080081";"132"
"0416080090";"132"
"0416080111";"132"
"0416080120";"132"
"0416090010";"132"
"0416090028";"132"
"0416090036";"132"
"0416090079";"132"
"0416090109";"132"
"0416090117";"132"
"0416090125";"132"
"0416090133";"132"
"0416110010";"132"
"0416110029";"132"
"0416110037";"132"
"0416110045";"132"
"0416110053";"132"
"0416110061";"132"
"0416110070";"132"
"0416110088";"132"
"0416120024";"132"
"0416120032";"132"
"0416120040";"132"
"0416120059";"132"
"0418010013";"150"
"0418010021";"150"
"0418010030";"150"
"0418010048";"130"
"0418010064";"130"
"0418010080";"130"
"0418010099";"130"
"0418020019";"130"
"0418020027";"130"
"0418020035";"130"
"0501010017";"128"
"0501060014";"121"
"0501060014";"121"
"0501060014";"149"
"0501060022";"149"
"0501060022";"151"
"0501060022";"151"
"0501060030";"121"
"0501060030";"121"
"0501060030";"149"
"0501060049";"122"
"0501060049";"122"
"0501060049";"149"
"0501060057";"121"
"0501060057";"121"
"0501060057";"121"
"0501060057";"121"
"0501060057";"122"
"0501060057";"122"
"0501060057";"149"
"0501060057";"151"
"0501060057";"151"
"0501070028";"145"
"0501070036";"145"
"0501080031";"145"
"0501080104";"145"
"0502010010";"149"
"0502010029";"149"
"0503010014";"149"
"0503010022";"149"
"0503030015";"149"
"0503030023";"149"
"0503030031";"149"
"0503030040";"149"
"0503030058";"149"
"0503030058";"149"
"0503030066";"149"
"0503030074";"149"
"0503030082";"149"
"0503030090";"149"
"0503030104";"149"
"0503040010";"149"
"0503040029";"149"
"0503040037";"149"
"0503040045";"149"
"0503040053";"149"
"0503040061";"149"
"0503040088";"149"
"0504020013";"154"
"0504020021";"154"
"0504020030";"154"
"0504020048";"154"
"0504020056";"154"
"0504030027";"154"
"0506010023";"149"
"0506010058";"149"
"0603010016";"125"
"0603020011";"125"
"0603020020";"125"
"0603020038";"125"
"0603020046";"125"
"0603020054";"125"
"0603020062";"125"
"0603020070";"125"
"0603020089";"125"
"0603020097";"125"
"0603020100";"125"
"0603030017";"125"
"0603030025";"125"
"0603030033";"125"
"0603030041";"125"
"0603040012";"125"
"0603050018";"125"
"0603050026";"125"
"0603050034";"125"
"0603050042";"125"
"0603050050";"125"
"0603050069";"125"
"0603050077";"125"
"0603050085";"125"
"0603050093";"125"
"0603050107";"125"
"0603050115";"103"
"0603050115";"103"
"0603050115";"103"
"0603050123";"103"
"0603050123";"103"
"0603050123";"103"
"0603060013";"125"
"0603070019";"125"
"0603070027";"125"
"0603070035";"125"
"0603070043";"125"
"0603070051";"125"
"0603080014";"125"
"0603080022";"125"
"0603080030";"125"
"0603080049";"125"
"0603080057";"125"
"0603080065";"125"
"0603080073";"125"
"0603080081";"125"
"0603080090";"125"
"0603080103";"125"
"0603080111";"125"
"0603080120";"125"
"0603080138";"125"
"0603080146";"125"
"0603080154";"125"
"0603080162";"125"
"0603080170";"125"
"0603080189";"125"
"0603080197";"125"
"0603080200";"125"
"0603080219";"125"
"0603080227";"125"
"0603080278";"125"
"0603080286";"125"
"0603080294";"125"
"0604010010";"125"
"0604010028";"125"
"0604010036";"125"
"0604010044";"125"
"0604010052";"125"
"0604010060";"125"
"0604010079";"125"
"0604010087";"125"
"0604010095";"125"
"0604020015";"125"
"0604020023";"125"
"0604020031";"125"
"0604020040";"125"
"0604020058";"125"
"0604030010";"125"
"0604030037";"125"
"0604030045";"125"
"0604030053";"125"
"0604030061";"125"
"0604040016";"125"
"0604040024";"125"
"0604040032";"125"
"0604040040";"125"
"0604040059";"125"
"0604040067";"125"
"0604040075";"125"
"0604040091";"125"
"0604050011";"125"
"0604050020";"125"
"0604050038";"125"
"0604050046";"125"
"0604050054";"125"
"0604050062";"125"
"0604050070";"125"
"0604050089";"125"
"0604050097";"125"
"0604050100";"125"
"0604050119";"125"
"0604060017";"125"
"0604060025";"125"
"0604070012";"125"
"0604080018";"125"
"0604080026";"125"
"0604090013";"125"
"0604100019";"125"
"0604110014";"125"
"0604110022";"125"
"0604110030";"125"
"0604110049";"125"
"0604110057";"125"
"0604110065";"125"
"0604120010";"125"
"0604130015";"125"
"0604130023";"125"
"0604130031";"125"
"0604130040";"125"
"0604130058";"125"
"0604130066";"125"
"0604130074";"125"
"0604130082";"125"
"0604130090";"125"
"0604130104";"125"
"0604130112";"125"
"0604130120";"125"
"0604130139";"125"
"0604140029";"125"
"0604140037";"125"
"0604150016";"125"
"0604150024";"125"
"0604160011";"125"
"0604160020";"125"
"0604160046";"125"
"0604160054";"125"
"0604170017";"125"
"0604170025";"125"
"0604170033";"125"
"0604170041";"125"
"0604170050";"125"
"0604180012";"125"
"0604180020";"125"
"0604190018";"125"
"0604200013";"125"
"0604210019";"125"
"0604210027";"125"
"0604220014";"125"
"0604230010";"125"
"0604230028";"125"
"0604230036";"125"
"0604230044";"125"
"0604230052";"125"
"0604230060";"125"
"0604230079";"125"
"0604230087";"125"
"0604240015";"125"
"0604240023";"125"
"0604240031";"125"
"0604240040";"125"
"0604240058";"125"
"0604240066";"125"
"0604240074";"125"
"0604250010";"125"
"0604260016";"125"
"0604270011";"125"
"0604270020";"125"
"0604270038";"125"
"0604270046";"125"
"0604270054";"125"
"0604270062";"125"
"0604270070";"125"
"0604270089";"125"
"0604270097";"125"
"0604270100";"125"
"0604270119";"125"
"0604280068";"125"
"0604280076";"125"
"0604280084";"125"
"0604280092";"125"
"0604280106";"125"
"0604290012";"125"
"0604290020";"125"
"0604290039";"125"
"0604290047";"125"
"0604290063";"125"
"0604290071";"125"
"0604290080";"125"
"0604300018";"125"
"0604300026";"125"
"0604300034";"125"
"0604310013";"125"
"0604310021";"125"
"0604310030";"125"
"0604310048";"125"
"0604310056";"125"
"0604310064";"125"
"0604320019";"125"
"0604320027";"125"
"0604320035";"125"
"0604320043";"125"
"0604320051";"125"
"0604320060";"125"
"0604320078";"125"
"0604320086";"125"
"0604320094";"125"
"0604320116";"125"
"0604320124";"125"
"0604320132";"125"
"0604320140";"125"
"0604320159";"125"
"0604330014";"125"
"0604330022";"125"
"0604340010";"125"
"0604340028";"125"
"0604340036";"125"
"0604340044";"125"
"0604340052";"125"
"0604340060";"125"
"0604340079";"125"
"0604350015";"125"
"0604350023";"125"
"0604350031";"125"
"0604360010";"125"
"0604360029";"125"
"0604360037";"125"
"0604360045";"125"
"0604360053";"125"
"0604360061";"125"
"0604360070";"125"
"0604360088";"125"
"0604360096";"125"
"0604360100";"125"
"0604360118";"125"
"0604360126";"125"
"0604370016";"125"
"0604370024";"125"
"0604380011";"125"
"0604380020";"125"
"0604380038";"125"
"0604380046";"125"
"0604380054";"125"
"0604380062";"125"
"0604380070";"125"
"0604380089";"125"
"0604390017";"125"
"0604390025";"125"
"0604390033";"125"
"0604390041";"125"
"0604390050";"125"
"0604390068";"125"
"0604390076";"125"
"0604390084";"125"
"0604390092";"125"
"0604390106";"125"
"0604390114";"125"
"0604400012";"125"
"0604410018";"125"
"0604410026";"125"
"0604410034";"125"
"0604420013";"125"
"0604430019";"125"
"0604440014";"125"
"0604450010";"125"
"0604460023";"125"
"0604460031";"125"
"0604460040";"125"
"0604460058";"125"
"0604460066";"125"
"0604470010";"125"
"0604470029";"125"
"0604470037";"125"
"0604470045";"125"
"0604470053";"125"
"0604480016";"125"
"0604490011";"125"
"0604490020";"125"
"0604500017";"125"
"0604500025";"125"
"0604500033";"125"
"0604500041";"125"
"0604500050";"125"
"0604500068";"125"
"0604500076";"125"
"0604500084";"125"
"0604510012";"125"
"0604510020";"125"
"0604510039";"125"
"0604510047";"125"
"0604520018";"125"
"0604530013";"125"
"0604530021";"125"
"0604530030";"125"
"0604540019";"125"
"0604540027";"125"
"0604540035";"125"
"0604540043";"125"
"0604550014";"125"
"0604550022";"125"
"0604560010";"125"
"0604570015";"125"
"0604570023";"125"
"0604570031";"125"
"0604580010";"125"
"0604580029";"125"
"0604590016";"125"
"0604590024";"125"
"0604600011";"125"
"0604600020";"125"
"0604610017";"125"
"0604610025";"125"
"0604620012";"125"
"0604620020";"125"
"0604620039";"125"
"0604620047";"125"
"0604630018";"125"
"0604640030";"125"
"0604650019";"125"
"0604650027";"125"
"0604650035";"125"
"0604660014";"125"
"0604660022";"125"
"0604660030";"125"
"0604670010";"125"
"0604680023";"125"
"0604690010";"125"
"0604690029";"125"
"0604700016";"125"
"0604710011";"125"
"0604710020";"125"
"0604720017";"125"
"0604720025";"125"
"0604730012";"125"
"0604740018";"125"
"0604750013";"125"
"0604750021";"125"
"0604750030";"125"
"0604750048";"125"
"0604760019";"125"
"0604760027";"125"
"0604760035";"125"
"0604760043";"125"
"0604760051";"125"
"0604760060";"125"
"0604760078";"125"
"0604760086";"125"
"0604770030";"125"
"0604780010";"125"
"0701010010";"164"
"0701010029";"164"
"0701010037";"164"
"0701010045";"164"
"0701010053";"164"
"0701010061";"164"
"0701010070";"164"
"0701010088";"164"
"0701010096";"164"
"0701010100";"164"
"0701010118";"164"
"0701010126";"164"
"0701010134";"164"
"0701010142";"164"
"0701010150";"164"
"0701010169";"164"
"0701010177";"164"
"0701010185";"164"
"0701010193";"164"
"0701010207";"164"
"0701010207";"164"
"0701010215";"164"
"0701010215";"164"
"0701010223";"164"
"0701010223";"164"
"0701010231";"164"
"0701010231";"164"
"0701010240";"164"
"0701010240";"164"
"0701010258";"164"
"0701010258";"164"
"0701010266";"164"
"0701010266";"164"
"0701010274";"164"
"0701010274";"164"
"0701010282";"164"
"0701010282";"164"
"0701010290";"164"
"0701010290";"164"
"0701010304";"164"
"0701010304";"164"
"0701010312";"164"
"0701010312";"164"
"0701010320";"164"
"0701010320";"164"
"0701010339";"164"
"0701010339";"164"
"0701020016";"164"
"0701020024";"164"
"0701020032";"164"
"0701020040";"164"
"0701020059";"164"
"0701020067";"164"
"0701020075";"164"
"0701020083";"164"
"0701020091";"164"
"0701020105";"164"
"0701020113";"164"
"0701020121";"164"
"0701020130";"164"
"0701020148";"164"
"0701020156";"164"
"0701020164";"164"
"0701020172";"164"
"0701020180";"164"
"0701020199";"164"
"0701020202";"164"
"0701020210";"164"
"0701020229";"164"
"0701020237";"164"
"0701020245";"164"
"0701020253";"164"
"0701020261";"164"
"0701020270";"164"
"0701020288";"164"
"0701020296";"164"
"0701020300";"164"
"0701020318";"164"
"0701020326";"164"
"0701020334";"164"
"0701020342";"164"
"0701020350";"164"
"0701020369";"164"
"0701020377";"164"
"0701020385";"164"
"0701020393";"164"
"0701020407";"164"
"0701020415";"164"
"0701020423";"164"
"0701020431";"164"
"0701020440";"164"
"0701020458";"164"
"0701020466";"164"
"0701020474";"164"
"0701020482";"164"
"0701020490";"164"
"0701020504";"164"
"0701020512";"164"
"0701020520";"164"
"0701020539";"164"
"0701020547";"164"
"0701020555";"164"
"0701020563";"164"
"0701020571";"164"
"0701020580";"164"
"0701020598";"164"
"0701020601";"164"
"0701020610";"164"
"0701020628";"164"
"0701020636";"164"
"0701020644";"164"
"0701020652";"164"
"0701030011";"164"
"0701030020";"164"
"0701030038";"164"
"0701030046";"164"
"0701030054";"164"
"0701030062";"164"
"0701030070";"164"
"0701030089";"164"
"0701030097";"164"
"0701030100";"164"
"0701030119";"164"
"0701030127";"164"
"0701030135";"164"
"0701030143";"164"
"0701030151";"164"
"0701030160";"164"
"0701030178";"164"
"0701030186";"164"
"0701030194";"164"
"0701030208";"164"
"0701030216";"164"
"0701030224";"164"
"0701030232";"164"
"0701030240";"164"
"0701030259";"164"
"0701030267";"164"
"0701030275";"164"
"0701030283";"164"
"0701030291";"164"
"0701030305";"164"
"0701030321";"164"
"0701030321";"164"
"0701030348";"107"
"0701040017";"164"
"0701040025";"164"
"0701040033";"164"
"0701040041";"164"
"0701040050";"164"
"0701040068";"164"
"0701040092";"164"
"0701040106";"164"
"0701040114";"164"
"0701040122";"164"
"0701040130";"164"
"0701040149";"164"
"0701040157";"164"
"0701050012";"135"
"0701050012";"135"
"0701050020";"135"
"0701050020";"135"
"0701050047";"135"
"0701050047";"135"
"0701060018";"135"
"0701060018";"135"
"0701060026";"135"
"0701060026";"135"
"0701060034";"135"
"0701060034";"135"
"0701060042";"135"
"0701060042";"135"
"0701070013";"123"
"0701070021";"123"
"0701070030";"123"
"0701070048";"123"
"0701070056";"123"
"0701070064";"123"
"0701070072";"123"
"0701070080";"123"
"0701070099";"157"
"0701070102";"157"
"0701070110";"123"
"0701070129";"157"
"0701070137";"157"
"0701070145";"157"
"0701070161";"123"
"0701070161";"123"
"0701070170";"123"
"0701070170";"123"
"0701080027";"123"
"0701080043";"123"
"0701080051";"123"
"0701080060";"123"
"0701080078";"123"
"0701080086";"123"
"0701080094";"123"
"0701080132";"123"
"0701080140";"123"
"0701080159";"123"
"0701080167";"123"
"0701080175";"123"
"0701080183";"123"
"0701080191";"123"
"0701090014";"164"
"0701090022";"164"
"0701090030";"164"
"0701090049";"164"
"0701090057";"164"
"0701090065";"164"
"0701090073";"164"
"0701090081";"164"
"0701090090";"164"
"0701090103";"107"
"0701090111";"107"
"0701090120";"107"
"0701090138";"107"
"0701090146";"107"
"0701090154";"107"
"0701090162";"107"
"0701090170";"107"
"0701090189";"107"
"0701090197";"107"
"0701090200";"107"
"0701090219";"107"
"0701090227";"107"
"0701090235";"107"
"0701100010";"123"
"0701100028";"123"
"0701100036";"123"
"0701100044";"123"
"0701100052";"123"
"0701100060";"123"
"0701100079";"123"
"0701100087";"123"
"0701100095";"123"
"0701100109";"123"
"0702070041";"131"
"0702070050";"131"
"0702090050";"107"
"0702090069";"107"
"0702090085";"107"
"0702090093";"107"
"0702100013";"130"
"0702100021";"130"
"0702100030";"130"
"0702100048";"130"
"0702100056";"130"
"0702100064";"130"
"0702100072";"130"
"0702100080";"130"
"0702100099";"130"
"0702100102";"130"
